"PatientID","FirstName","LastName","DateOfBirth","Gender","PhoneNumber","Email"
"1.0","Gerald","Simpson","1975-07-14 00:00:00","Male","542013525","gerald.simpson@eyowhite.com"
"2.0","Derek","Cannon","1953-12-29 00:00:00","Male","601730898","derek.cannon@eyowhite.com"
"3.0","Anthony","Thomas","1952-11-18 00:00:00","Male","727671289","anthony.thomas@eyowhite.com"
"4.0","Justin","Lam","1992-10-07 00:00:00","Female","117782773","justin.lam@eyowhite.com"
"5.0","Tammy","Myers","1957-01-10 00:00:00","Female","770420469","tammy.myers@eyowhite.com"
"6.0","Derek","Brooks","1987-12-01 00:00:00","Male","329471141","derek.brooks@eyowhite.com"
"7.0","Carl","Perez","1977-01-13 00:00:00","Male","131401662","carl.perez@eyowhite.com"
"8.0","Christopher","Olson","1982-03-06 00:00:00","Female","149826671","christopher.olson@eyowhite.com"
"9.0","Raymond","Ellis","1974-04-21 00:00:00","Male","315473325","raymond.ellis@eyowhite.com"
"10.0","Karen","Gutierrez","1963-06-15 00:00:00","Male","446027827","karen.gutierrez@eyowhite.com"
"11.0","Samantha","Campos","1989-04-05 00:00:00","Male","737007572","samantha.campos@eyowhite.com"
"12.0","Michelle","Reilly","1987-04-26 00:00:00","Male","566450019","michelle.reilly@eyowhite.com"
"13.0","Diane","Bell","1985-07-11 00:00:00","Male","492028914","diane.bell@eyowhite.com"
"14.0","Julian","Small","1973-03-05 00:00:00","Female","669529557","julian.small@eyowhite.com"
"15.0","Angela","Edwards","1962-02-13 00:00:00","Male","873326922","angela.edwards@eyowhite.com"
"16.0","Kristina","Barnes","1969-08-17 00:00:00","Male","623993872","kristina.barnes@eyowhite.com"
"17.0","Christina","Reyes","1993-01-25 00:00:00","Female","378248302","christina.reyes@eyowhite.com"
"18.0","Tonya","Robinson","1971-07-25 00:00:00","Male","331897723","tonya.robinson@eyowhite.com"
"19.0","Tracy","Armstrong","1959-03-14 00:00:00","Male","667640845","tracy.armstrong@eyowhite.com"
"20.0","Adam","Santos","1992-11-26 00:00:00","Male","515337798","adam.santos@eyowhite.com"
"21.0","Michael","Ruiz","1980-11-06 00:00:00","Male","846580920","michael.ruiz@eyowhite.com"
"22.0","Charles","Williams","1954-06-24 00:00:00","Female","444848076","charles.williams@eyowhite.com"
"23.0","Victoria","Woods","1987-11-10 00:00:00","Female","655599971","victoria.woods@eyowhite.com"
"24.0","Deborah","Daniel","1953-08-21 00:00:00","Male","493744039","deborah.daniel@eyowhite.com"
"25.0","Benjamin","Conner","1966-09-30 00:00:00","Female","409059876","benjamin.conner@eyowhite.com"
"26.0","Suzanne","Lutz","1968-11-24 00:00:00","Female","990802857","suzanne.lutz@eyowhite.com"
"27.0","Felicia","Johnson","1976-05-18 00:00:00","Male","556765558","felicia.johnson@eyowhite.com"
"28.0","Janice","Dunn","1964-11-20 00:00:00","Male","310325792","janice.dunn@eyowhite.com"
"29.0","Erin","Williams","1992-10-23 00:00:00","Male","232531259","erin.williams@eyowhite.com"
"30.0","Kenneth","Robinson","1968-02-08 00:00:00","Female","719989399","kenneth.robinson@eyowhite.com"
"31.0","Debra","Ball","1961-09-24 00:00:00","Female","798171437","debra.ball@eyowhite.com"
"32.0","Erika","Stephens","1953-08-01 00:00:00","Male","202094616","erika.stephens@eyowhite.com"
"33.0","Austin","Mueller","1973-01-09 00:00:00","Male","159890935","austin.mueller@eyowhite.com"
"34.0","Morgan","Benjamin","1988-02-22 00:00:00","Female","692711909","morgan.benjamin@eyowhite.com"
"35.0","Kathy","Ryan","1959-01-31 00:00:00","Male","162273118","kathy.ryan@eyowhite.com"
"36.0","Steven","Conley","1959-03-31 00:00:00","Male","954779279","steven.conley@eyowhite.com"
"37.0","Christine","Jones","1967-04-22 00:00:00","Female","661998949","christine.jones@eyowhite.com"
"38.0","Patrick","Huff","1964-12-18 00:00:00","Female","288479148","patrick.huff@eyowhite.com"
"39.0","Marissa","Kaiser","1977-07-26 00:00:00","Female","794657671","marissa.kaiser@eyowhite.com"
"40.0","Mike","Bell","1968-04-29 00:00:00","Female","123042266","mike.bell@eyowhite.com"
"41.0","Christopher","Williams","1969-03-01 00:00:00","Female","932099291","christopher.williams@eyowhite.com"
"42.0","Thomas","Smith","1986-11-19 00:00:00","Male","854832013","thomas.smith@eyowhite.com"
"43.0","Jeffrey","Little","1992-10-27 00:00:00","Male","338430265","jeffrey.little@eyowhite.com"
"44.0","Robert","Jacobs","1968-03-22 00:00:00","Female","296325307","robert.jacobs@eyowhite.com"
"45.0","Peter","Long","1958-01-15 00:00:00","Female","718116600","peter.long@eyowhite.com"
"46.0","Katherine","Moon","1985-06-04 00:00:00","Female","560397671","katherine.moon@eyowhite.com"
"47.0","Ashley","Gardner","1975-10-25 00:00:00","Female","438345263","ashley.gardner@eyowhite.com"
"48.0","Eric","Schmidt","1983-10-02 00:00:00","Male","809974342","eric.schmidt@eyowhite.com"
"49.0","Frank","Anderson","1960-06-13 00:00:00","Female","452505036","frank.anderson@eyowhite.com"
"50.0","Megan","Henry","1957-04-12 00:00:00","Female","421801218","megan.henry@eyowhite.com"
"51.0","Maria","Davis","1973-05-09 00:00:00","Female","482993239","maria.davis@eyowhite.com"
"52.0","Christopher","Hernandez","1992-06-05 00:00:00","Female","754445188","christopher.hernandez@eyowhite.com"
"53.0","Michelle","Bryant","1955-04-06 00:00:00","Female","361087224","michelle.bryant@eyowhite.com"
"54.0","Christopher","Taylor","1957-03-29 00:00:00","Female","536020765","christopher.taylor@eyowhite.com"
"55.0","Robert","Mendoza","1977-01-07 00:00:00","Male","509234770","robert.mendoza@eyowhite.com"
"56.0","Olivia","Rubio","1966-11-26 00:00:00","Female","946799700","olivia.rubio@eyowhite.com"
"57.0","Justin","Haynes","1961-11-13 00:00:00","Female","055527399","justin.haynes@eyowhite.com"
"58.0","Aaron","Walker","1979-09-21 00:00:00","Male","476964565","aaron.walker@eyowhite.com"
"59.0","Joseph","Davis","1952-12-29 00:00:00","Male","806005219","joseph.davis@eyowhite.com"
"60.0","Jacqueline","Lamb","1971-07-05 00:00:00","Female","750879914","jacqueline.lamb@eyowhite.com"
"61.0","Melanie","Yoder","1977-11-28 00:00:00","Female","998467191","melanie.yoder@eyowhite.com"
"62.0","Justin","Ramos","1982-02-26 00:00:00","Male","639439774","justin.ramos@eyowhite.com"
"63.0","Tricia","Smith","1977-03-16 00:00:00","Female","058678004","tricia.smith@eyowhite.com"
"64.0","Ronnie","Adams","1990-03-21 00:00:00","Male","125208889","ronnie.adams@eyowhite.com"
"65.0","Brandon","Carter","1977-02-06 00:00:00","Female","038156144","brandon.carter@eyowhite.com"
"66.0","Carolyn","Marquez","1978-06-15 00:00:00","Female","514267050","carolyn.marquez@eyowhite.com"
"67.0","Virginia","Roach","1983-09-21 00:00:00","Female","388102480","virginia.roach@eyowhite.com"
"68.0","Steven","Martin","1967-05-12 00:00:00","Female","021824799","steven.martin@eyowhite.com"
"69.0","Seth","Franco","1967-04-19 00:00:00","Female","848317522","seth.franco@eyowhite.com"
"70.0","Nicole","Wood","1969-11-07 00:00:00","Female","210579288","nicole.wood@eyowhite.com"
"71.0","Tara","Ramsey","1961-04-27 00:00:00","Male","515820273","tara.ramsey@eyowhite.com"
"72.0","Jeremy","Wheeler","1975-03-08 00:00:00","Female","983877513","jeremy.wheeler@eyowhite.com"
"73.0","Eric","Martinez","1973-04-04 00:00:00","Female","766721335","eric.martinez@eyowhite.com"
"74.0","Brittany","Medina","1972-01-07 00:00:00","Female","512336927","brittany.medina@eyowhite.com"
"75.0","Jeremiah","Wilson","1981-10-06 00:00:00","Female","727003450","jeremiah.wilson@eyowhite.com"
"76.0","Stephanie","Rivera","1981-06-08 00:00:00","Female","667727339","stephanie.rivera@eyowhite.com"
"77.0","Edward","Reynolds","1964-11-01 00:00:00","Male","424393827","edward.reynolds@eyowhite.com"
"78.0","Amy","Ramirez","1954-03-10 00:00:00","Female","616269529","amy.ramirez@eyowhite.com"
"79.0","Teresa","Shelton","1965-06-27 00:00:00","Female","683079979","teresa.shelton@eyowhite.com"
"80.0","Rachel","Phillips","1977-01-15 00:00:00","Female","000863664","rachel.phillips@eyowhite.com"
"81.0","Yvonne","Romero","1978-09-26 00:00:00","Male","712290022","yvonne.romero@eyowhite.com"
"82.0","Victor","Waters","1964-11-19 00:00:00","Female","819135736","victor.waters@eyowhite.com"
"83.0","James","Russell","1992-04-30 00:00:00","Female","041547577","james.russell@eyowhite.com"
"84.0","Melissa","Smith","1958-12-21 00:00:00","Male","387976100","melissa.smith@eyowhite.com"
"85.0","Michael","Silva","1956-10-24 00:00:00","Male","921546945","michael.silva@eyowhite.com"
"86.0","Dave","Carney","1984-10-30 00:00:00","Female","249744496","dave.carney@eyowhite.com"
"87.0","Kathleen","Lyons","1968-03-04 00:00:00","Female","902486661","kathleen.lyons@eyowhite.com"
"88.0","Michelle","Berg","1973-10-12 00:00:00","Female","880875719","michelle.berg@eyowhite.com"
"89.0","Victoria","Porter","1984-04-06 00:00:00","Male","262011141","victoria.porter@eyowhite.com"
"90.0","Robert","Mcdonald","1982-03-07 00:00:00","Male","716955771","robert.mcdonald@eyowhite.com"
"91.0","Valerie","Ochoa","1993-06-04 00:00:00","Male","204092905","valerie.ochoa@eyowhite.com"
"92.0","Anthony","Rice","1968-04-05 00:00:00","Male","904637118","anthony.rice@eyowhite.com"
"93.0","Paul","Christian","1958-02-02 00:00:00","Male","337292093","paul.christian@eyowhite.com"
"94.0","Heather","Jackson","1964-03-23 00:00:00","Male","883236446","heather.jackson@eyowhite.com"
"95.0","Jodi","Davis","1956-06-18 00:00:00","Female","166378736","jodi.davis@eyowhite.com"
"96.0","Harold","Hill","1974-08-13 00:00:00","Male","649833717","harold.hill@eyowhite.com"
"97.0","Lauren","Fernandez","1984-06-05 00:00:00","Male","857406174","lauren.fernandez@eyowhite.com"
"98.0","Kristen","Barron","1978-11-09 00:00:00","Female","150440344","kristen.barron@eyowhite.com"
"99.0","Jasmine","Rogers","1970-07-13 00:00:00","Female","276529177","jasmine.rogers@eyowhite.com"
"100.0","Kevin","Ramos","1974-03-26 00:00:00","Female","544368286","kevin.ramos@eyowhite.com"
"101.0","Alan","Alvarez","1962-11-29 00:00:00","Male","956239350","alan.alvarez@eyowhite.com"
"102.0","Jeffrey","Martin","1958-12-08 00:00:00","Female","499931519","jeffrey.martin@eyowhite.com"
"103.0","Erik","Vega","1985-10-31 00:00:00","Male","456475730","erik.vega@eyowhite.com"
"104.0","Michael","Guerrero","1984-02-20 00:00:00","Male","659460197","michael.guerrero@eyowhite.com"
"105.0","Ian","Reed","1961-06-09 00:00:00","Male","685589232","ian.reed@eyowhite.com"
"106.0","Ian","Stein","1970-12-27 00:00:00","Female","731863317","ian.stein@eyowhite.com"
"107.0","Lindsay","Soto","1955-09-16 00:00:00","Female","366680191","lindsay.soto@eyowhite.com"
"108.0","Thomas","Ferguson","1964-05-17 00:00:00","Female","358486759","thomas.ferguson@eyowhite.com"
"109.0","Beth","Norton","1977-03-22 00:00:00","Female","252094362","beth.norton@eyowhite.com"
"110.0","Nathaniel","Medina","1978-11-24 00:00:00","Female","025975063","nathaniel.medina@eyowhite.com"
"111.0","Jesus","Thomas","1988-06-26 00:00:00","Female","646016291","jesus.thomas@eyowhite.com"
"112.0","Jeff","Lawrence","1980-03-24 00:00:00","Female","276463507","jeff.lawrence@eyowhite.com"
"113.0","Anthony","Nguyen","1977-05-31 00:00:00","Female","730778071","anthony.nguyen@eyowhite.com"
"114.0","Nicholas","Vaughn","1975-12-28 00:00:00","Male","869902529","nicholas.vaughn@eyowhite.com"
"115.0","Patrick","Gray","1975-06-24 00:00:00","Female","376543823","patrick.gray@eyowhite.com"
"116.0","Sandy","Cameron","1962-09-18 00:00:00","Female","812199287","sandy.cameron@eyowhite.com"
"117.0","Michael","Fernandez","1969-04-12 00:00:00","Male","494842723","michael.fernandez@eyowhite.com"
"118.0","Eric","Townsend","1953-02-21 00:00:00","Female","775777495","eric.townsend@eyowhite.com"
"119.0","Martha","Rosales","1990-05-22 00:00:00","Female","872638323","martha.rosales@eyowhite.com"
"120.0","Charles","Pittman","1974-07-02 00:00:00","Female","576312211","charles.pittman@eyowhite.com"
"121.0","Jeremy","Roth","1976-10-15 00:00:00","Female","179336134","jeremy.roth@eyowhite.com"
"122.0","Courtney","Taylor","1968-07-31 00:00:00","Male","243046501","courtney.taylor@eyowhite.com"
"123.0","Janet","Ward","1968-07-27 00:00:00","Female","024522558","janet.ward@eyowhite.com"
"124.0","Andrea","Garcia","1965-09-01 00:00:00","Female","614811478","andrea.garcia@eyowhite.com"
"125.0","Thomas","Jenkins","1992-07-20 00:00:00","Male","572944574","thomas.jenkins@eyowhite.com"
"126.0","Kevin","Graves","1984-09-29 00:00:00","Female","227838573","kevin.graves@eyowhite.com"
"127.0","Robert","Clark","1981-10-20 00:00:00","Female","218202612","robert.clark@eyowhite.com"
"128.0","Robert","Gonzalez","1984-09-17 00:00:00","Male","884916591","robert.gonzalez@eyowhite.com"
"129.0","Sean","Kelley","1973-08-10 00:00:00","Female","056505079","sean.kelley@eyowhite.com"
"130.0","Jasmine","Gates","1992-05-06 00:00:00","Male","307081656","jasmine.gates@eyowhite.com"
"131.0","Terri","Rodriguez","1979-02-04 00:00:00","Male","894204274","terri.rodriguez@eyowhite.com"
"132.0","Tyler","Poole","1960-06-25 00:00:00","Female","095336001","tyler.poole@eyowhite.com"
"133.0","Amanda","Rodriguez","1965-09-15 00:00:00","Female","329202182","amanda.rodriguez@eyowhite.com"
"134.0","Amy","Mendoza","1981-12-14 00:00:00","Male","072052611","amy.mendoza@eyowhite.com"
"135.0","Connie","Moran","1969-12-22 00:00:00","Female","483625126","connie.moran@eyowhite.com"
"136.0","James","Grimes","1959-05-07 00:00:00","Male","096554882","james.grimes@eyowhite.com"
"137.0","Darlene","Anderson","1959-01-24 00:00:00","Male","462734742","darlene.anderson@eyowhite.com"
"138.0","Nicholas","Martin","1964-12-06 00:00:00","Female","060482340","nicholas.martin@eyowhite.com"
"139.0","Robert","Bass","1959-05-29 00:00:00","Female","612651136","robert.bass@eyowhite.com"
"140.0","Cynthia","Oliver","1953-10-24 00:00:00","Male","319982529","cynthia.oliver@eyowhite.com"
"141.0","Kaitlyn","Shaw","1977-02-11 00:00:00","Male","699010854","kaitlyn.shaw@eyowhite.com"
"142.0","Jeffrey","Smith","1988-12-08 00:00:00","Male","044358247","jeffrey.smith@eyowhite.com"
"143.0","Tom","Stone","1983-05-24 00:00:00","Female","338749027","tom.stone@eyowhite.com"
"144.0","Kristy","Allen","1968-02-23 00:00:00","Female","174539303","kristy.allen@eyowhite.com"
"145.0","Joshua","Navarro","1974-09-26 00:00:00","Male","426789669","joshua.navarro@eyowhite.com"
"146.0","Nicholas","Hanna","1983-06-15 00:00:00","Female","504424841","nicholas.hanna@eyowhite.com"
"147.0","David","Foster","1971-03-28 00:00:00","Male","477339842","david.foster@eyowhite.com"
"148.0","Steven","Hamilton","1958-04-16 00:00:00","Male","113147061","steven.hamilton@eyowhite.com"
"149.0","Rebecca","Myers","1979-09-26 00:00:00","Male","301491289","rebecca.myers@eyowhite.com"
"150.0","Richard","Diaz","1966-05-24 00:00:00","Male","223624162","richard.diaz@eyowhite.com"
"151.0","Steven","Holt","1965-02-14 00:00:00","Female","414067813","steven.holt@eyowhite.com"
"152.0","Dawn","Short","1962-02-23 00:00:00","Male","681125696","dawn.short@eyowhite.com"
"153.0","Kathleen","Ashley","1977-11-20 00:00:00","Male","542555599","kathleen.ashley@eyowhite.com"
"154.0","Monica","Robertson","1960-12-29 00:00:00","Male","319435524","monica.robertson@eyowhite.com"
"155.0","Samuel","Schneider","1973-03-31 00:00:00","Female","590449461","samuel.schneider@eyowhite.com"
"156.0","Sergio","Gomez","1952-11-24 00:00:00","Female","966171141","sergio.gomez@eyowhite.com"
"157.0","Marilyn","Ray","1974-01-16 00:00:00","Male","008792481","marilyn.ray@eyowhite.com"
"158.0","Erin","Stuart","1957-03-02 00:00:00","Male","686012413","erin.stuart@eyowhite.com"
"159.0","Susan","Cordova","1971-12-07 00:00:00","Female","556450348","susan.cordova@eyowhite.com"
"160.0","Michael","Henderson","1973-10-04 00:00:00","Male","396486046","michael.henderson@eyowhite.com"
"161.0","William","Walker","1967-08-07 00:00:00","Male","437874233","william.walker@eyowhite.com"
"162.0","Brian","Hamilton","1955-01-07 00:00:00","Male","250391497","brian.hamilton@eyowhite.com"
"163.0","Katherine","Fisher","1953-01-18 00:00:00","Female","314682159","katherine.fisher@eyowhite.com"
"164.0","Charles","Taylor","1977-06-29 00:00:00","Female","364965809","charles.taylor@eyowhite.com"
"165.0","Scott","Ford","1962-05-19 00:00:00","Female","667414135","scott.ford@eyowhite.com"
"166.0","Dillon","Brewer","1957-03-06 00:00:00","Male","233381232","dillon.brewer@eyowhite.com"
"167.0","Mariah","Nelson","1968-12-25 00:00:00","Male","738550698","mariah.nelson@eyowhite.com"
"168.0","Heather","Carr","1966-11-08 00:00:00","Female","008082071","heather.carr@eyowhite.com"
"169.0","Laura","Horne","1992-01-10 00:00:00","Male","626455968","laura.horne@eyowhite.com"
"170.0","Brittany","Cook","1986-09-28 00:00:00","Male","689034470","brittany.cook@eyowhite.com"
"171.0","Alicia","Compton","1972-06-30 00:00:00","Male","415329174","alicia.compton@eyowhite.com"
"172.0","Jose","Rice","1971-11-06 00:00:00","Female","329476773","jose.rice@eyowhite.com"
"173.0","Kevin","Lewis","1981-07-29 00:00:00","Female","194980110","kevin.lewis@eyowhite.com"
"174.0","Ralph","Mann","1982-04-13 00:00:00","Male","129266190","ralph.mann@eyowhite.com"
"175.0","Samantha","Oliver","1955-01-06 00:00:00","Female","260320733","samantha.oliver@eyowhite.com"
"176.0","Alison","Davis","1984-11-08 00:00:00","Male","435030641","alison.davis@eyowhite.com"
"177.0","Savannah","Schultz","1975-09-02 00:00:00","Male","159936150","savannah.schultz@eyowhite.com"
"178.0","Sarah","Estes","1988-04-27 00:00:00","Female","116895826","sarah.estes@eyowhite.com"
"179.0","Derrick","Vega","1957-12-12 00:00:00","Male","491571793","derrick.vega@eyowhite.com"
"180.0","Mitchell","Ruiz","1958-06-13 00:00:00","Male","551766342","mitchell.ruiz@eyowhite.com"
"181.0","Steven","Moore","1973-08-24 00:00:00","Male","534791143","steven.moore@eyowhite.com"
"182.0","Jessica","Romero","1985-03-14 00:00:00","Male","125018347","jessica.romero@eyowhite.com"
"183.0","Thomas","Powers","1982-03-15 00:00:00","Male","872755527","thomas.powers@eyowhite.com"
"184.0","Todd","Lowery","1982-01-24 00:00:00","Male","034226455","todd.lowery@eyowhite.com"
"185.0","Robert","Williams","1963-09-29 00:00:00","Male","709215080","robert.williams@eyowhite.com"
"186.0","Leonard","Barber","1990-10-28 00:00:00","Male","304402556","leonard.barber@eyowhite.com"
"187.0","James","Hood","1985-02-14 00:00:00","Female","465928447","james.hood@eyowhite.com"
"188.0","Robin","Johnson","1959-01-21 00:00:00","Female","421162999","robin.johnson@eyowhite.com"
"189.0","Crystal","Fitzgerald","1978-07-15 00:00:00","Female","645742930","crystal.fitzgerald@eyowhite.com"
"190.0","Heather","Nguyen","1961-10-06 00:00:00","Female","430789955","heather.nguyen@eyowhite.com"
"191.0","Jacqueline","Mcgee","1974-07-18 00:00:00","Male","146651360","jacqueline.mcgee@eyowhite.com"
"192.0","Heather","Houston","1954-05-17 00:00:00","Male","980230268","heather.houston@eyowhite.com"
"193.0","Shannon","Stanton","1977-04-02 00:00:00","Female","109725195","shannon.stanton@eyowhite.com"
"194.0","Stacy","Howard","1968-12-17 00:00:00","Male","203758548","stacy.howard@eyowhite.com"
"195.0","Kevin","Williams","1962-05-06 00:00:00","Male","153262605","kevin.williams@eyowhite.com"
"196.0","Thomas","Larson","1980-03-29 00:00:00","Female","977493569","thomas.larson@eyowhite.com"
"197.0","Joshua","Johnson","1954-08-10 00:00:00","Female","808513960","joshua.johnson@eyowhite.com"
"198.0","Curtis","Smith","1985-10-28 00:00:00","Female","878219554","curtis.smith@eyowhite.com"
"199.0","Michael","Jennings","1973-06-11 00:00:00","Male","069266695","michael.jennings@eyowhite.com"
"200.0","Rebecca","Cross","1991-09-19 00:00:00","Female","199197844","rebecca.cross@eyowhite.com"
"201.0","Steven","Flores","1967-10-02 00:00:00","Female","093755682","steven.flores@eyowhite.com"
"202.0","Jorge","Montgomery","1957-07-14 00:00:00","Female","483408266","jorge.montgomery@eyowhite.com"
"203.0","Gregory","Craig","1976-05-27 00:00:00","Male","667000121","gregory.craig@eyowhite.com"
"204.0","Michael","Miller","1978-03-14 00:00:00","Female","343666222","michael.miller@eyowhite.com"
"205.0","Edward","Bryant","1959-01-24 00:00:00","Female","098934657","edward.bryant@eyowhite.com"
"206.0","David","Stewart","1964-08-03 00:00:00","Male","491066852","david.stewart@eyowhite.com"
"207.0","Kathleen","Franco","1971-12-14 00:00:00","Male","323561032","kathleen.franco@eyowhite.com"
"208.0","Angela","Bates","1987-07-29 00:00:00","Female","672700344","angela.bates@eyowhite.com"
"209.0","Bradley","Lawrence","1986-03-04 00:00:00","Female","086585394","bradley.lawrence@eyowhite.com"
"210.0","Ronald","Kelley","1969-03-16 00:00:00","Male","155484312","ronald.kelley@eyowhite.com"
"211.0","Michael","Mullen","1959-11-06 00:00:00","Male","460392475","michael.mullen@eyowhite.com"
"212.0","Cynthia","Mcintyre","1983-05-25 00:00:00","Male","176285869","cynthia.mcintyre@eyowhite.com"
"213.0","Patrick","Rodriguez","1990-05-19 00:00:00","Male","335536045","patrick.rodriguez@eyowhite.com"
"214.0","William","Orozco","1964-11-26 00:00:00","Male","591657296","william.orozco@eyowhite.com"
"215.0","Kelsey","Allen","1984-12-29 00:00:00","Male","393865188","kelsey.allen@eyowhite.com"
"216.0","Angela","Freeman","1971-12-18 00:00:00","Male","029191535","angela.freeman@eyowhite.com"
"217.0","Lawrence","Watson","1971-04-17 00:00:00","Male","361094807","lawrence.watson@eyowhite.com"
"218.0","Monica","Hamilton","1957-01-12 00:00:00","Male","927761906","monica.hamilton@eyowhite.com"
"219.0","Christian","Perry","1953-06-06 00:00:00","Male","242226106","christian.perry@eyowhite.com"
"220.0","Mary","Allen","1956-10-25 00:00:00","Male","762803800","mary.allen@eyowhite.com"
"221.0","Brandon","Jackson","1980-11-25 00:00:00","Female","148008325","brandon.jackson@eyowhite.com"
"222.0","Debra","Murray","1986-03-24 00:00:00","Female","541876407","debra.murray@eyowhite.com"
"223.0","Lonnie","Carroll","1990-08-02 00:00:00","Male","755743279","lonnie.carroll@eyowhite.com"
"224.0","Steven","Knapp","1975-11-25 00:00:00","Male","458835754","steven.knapp@eyowhite.com"
"225.0","Calvin","Frost","1971-01-01 00:00:00","Female","364112868","calvin.frost@eyowhite.com"
"226.0","Loretta","Howard","1964-04-23 00:00:00","Male","029771210","loretta.howard@eyowhite.com"
"227.0","Michelle","Higgins","1956-03-29 00:00:00","Female","270708740","michelle.higgins@eyowhite.com"
"228.0","Julie","Patterson","1981-10-16 00:00:00","Female","402008475","julie.patterson@eyowhite.com"
"229.0","Scott","Peters","1973-04-24 00:00:00","Female","960024937","scott.peters@eyowhite.com"
"230.0","Kelsey","Rivera","1981-05-11 00:00:00","Female","220919312","kelsey.rivera@eyowhite.com"
"231.0","Rebecca","Moore","1958-03-04 00:00:00","Male","080014386","rebecca.moore@eyowhite.com"
"232.0","Mindy","Greene","1987-12-10 00:00:00","Male","358454456","mindy.greene@eyowhite.com"
"233.0","Luis","Harris","1975-07-20 00:00:00","Male","485528793","luis.harris@eyowhite.com"
"234.0","Michael","Frazier","1974-06-29 00:00:00","Male","808759697","michael.frazier@eyowhite.com"
"235.0","Michael","Pineda","1980-07-28 00:00:00","Male","086328506","michael.pineda@eyowhite.com"
"236.0","Jessica","Reyes","1967-07-22 00:00:00","Female","962275440","jessica.reyes@eyowhite.com"
"237.0","Sally","Nelson","1986-10-29 00:00:00","Male","242297714","sally.nelson@eyowhite.com"
"238.0","Sarah","Mayer","1963-02-01 00:00:00","Female","538486143","sarah.mayer@eyowhite.com"
"239.0","Emma","Cannon","1980-04-11 00:00:00","Male","985879008","emma.cannon@eyowhite.com"
"240.0","Jacqueline","Jones","1961-02-26 00:00:00","Male","445151265","jacqueline.jones@eyowhite.com"
"241.0","Heidi","Martinez","1968-10-22 00:00:00","Male","223833874","heidi.martinez@eyowhite.com"
"242.0","Holly","Wells","1984-08-07 00:00:00","Male","765374210","holly.wells@eyowhite.com"
"243.0","Erik","Dougherty","1976-08-11 00:00:00","Male","839966550","erik.dougherty@eyowhite.com"
"244.0","Jennifer","Rogers","1953-05-18 00:00:00","Female","796413462","jennifer.rogers@eyowhite.com"
"245.0","Sabrina","Brown","1959-12-08 00:00:00","Female","648169130","sabrina.brown@eyowhite.com"
"246.0","Lisa","Holloway","1983-08-20 00:00:00","Male","476628457","lisa.holloway@eyowhite.com"
"247.0","Cynthia","Castro","1953-01-09 00:00:00","Female","611465640","cynthia.castro@eyowhite.com"
"248.0","Rhonda","Martin","1954-03-15 00:00:00","Male","956789891","rhonda.martin@eyowhite.com"
"249.0","Misty","Smith","1985-09-23 00:00:00","Male","713852914","misty.smith@eyowhite.com"
"250.0","Juan","Cooper","1976-06-06 00:00:00","Male","691246350","juan.cooper@eyowhite.com"
