"DoctorID","FirstName","LastName","Specialisation","PhoneNumber","Email"
"101.0","Lori","Martin","Infectious Disease Specialist","315116246","lori.martin@eyowhite.com"
"102.0","Shane","Williams","Critical Care Medicine Specialist","889045060","shane.williams@eyowhite.com"
"103.0","Kevin","Coleman","Medical Geneticist","394805513","kevin.coleman@eyowhite.com"
"104.0","Kelli","Graham","Pediatrician","158360088","kelli.graham@eyowhite.com"
"105.0","Cheryl","Owens","Pediatric Orthopedic Surgeon","459429132","cheryl.owens@eyowhite.com"
"106.0","Kelly","Powell","Pediatric Rheumatologist","241687273","kelly.powell@eyowhite.com"
"107.0","David","Nunez","Pediatric Dermatologist","331951371","david.nunez@eyowhite.com"
"108.0","Timothy","Romero","Pain Management Specialist","117542415","timothy.romero@eyowhite.com"
"109.0","Joseph","Mcconnell","Neurosurgeon","019179527","joseph.mcconnell@eyowhite.com"
"110.0","Douglas","Bailey","Pediatric Rheumatologist","251466639","douglas.bailey@eyowhite.com"
"111.0","Jeffery","Dean","Hematologist","856198405","jeffery.dean@eyowhite.com"
"112.0","Sylvia","Walton","Medical Geneticist","739283943","sylvia.walton@eyowhite.com"
"113.0","David","Andersen","Nephrologist","464757928","david.andersen@eyowhite.com"
"114.0","Carl","Ortega","Pediatric Rheumatologist","930332395","carl.ortega@eyowhite.com"
"115.0","Christine","Rice","Plastic Surgeon","416992818","christine.rice@eyowhite.com"
"116.0","Justin","Warner","Neurosurgeon","360085652","justin.warner@eyowhite.com"
"117.0","Tina","Harvey","Cardiologist","882589201","tina.harvey@eyowhite.com"
"118.0","Kevin","Reyes","Aerospace Medicine Specialist","727718393","kevin.reyes@eyowhite.com"
"119.0","Adam","Abbott","Pediatric Rheumatologist","594112291","adam.abbott@eyowhite.com"
"120.0","Amy","Tran","Reproductive Endocrinologist","825104195","amy.tran@eyowhite.com"
"121.0","Jasmine","Thomas","Pain Management Specialist","429831495","jasmine.thomas@eyowhite.com"
"122.0","Richard","Richards","Pediatric Nephrologist","786273617","richard.richards@eyowhite.com"
"123.0","William","Chang","Interventional Radiologist","416337897","william.chang@eyowhite.com"
"124.0","Shelley","Chase","Ophthalmologist","702332609","shelley.chase@eyowhite.com"
"125.0","Rachel","Baxter","Medical Geneticist","094085626","rachel.baxter@eyowhite.com"
"126.0","Kari","Hall","Gastrointestinal Surgeon","462269995","kari.hall@eyowhite.com"
"127.0","Virginia","Wagner","Dermatologist","996723860","virginia.wagner@eyowhite.com"
"128.0","George","Dominguez","Otolaryngologist","633691636","george.dominguez@eyowhite.com"
"129.0","Seth","Reynolds","Urologist","933543289","seth.reynolds@eyowhite.com"
"130.0","Scott","Wilson","Allergist/Immunologist","761950649","scott.wilson@eyowhite.com"
"131.0","Tammy","Conrad","Pediatric Neurologist","969362895","tammy.conrad@eyowhite.com"
"132.0","Jeffery","Weiss","Pediatric Orthopedic Surgeon","148453971","jeffery.weiss@eyowhite.com"
"133.0","Andrew","Clayton","Gastrointestinal Surgeon","184792365","andrew.clayton@eyowhite.com"
"134.0","William","Huffman","Infectious Disease Specialist","595622787","william.huffman@eyowhite.com"
"135.0","Scott","Johnson","Sleep Medicine Specialist","475483528","scott.johnson@eyowhite.com"
"136.0","Keith","Smith","Endocrinologist","567292515","keith.smith@eyowhite.com"
"137.0","Jesse","Ford","Pediatric Pulmonologist","964115397","jesse.ford@eyowhite.com"
"138.0","Jennifer","Green","Oncologist","249606537","jennifer.green@eyowhite.com"
"139.0","Shawn","Stewart","Neonatologist","049952304","shawn.stewart@eyowhite.com"
"140.0","Charles","Ferguson","Pediatric Cardiologist","013601450","charles.ferguson@eyowhite.com"
"141.0","Steven","Hernandez","Pain Management Specialist","286810865","steven.hernandez@eyowhite.com"
"142.0","Sharon","Taylor","Otolaryngologist","661224376","sharon.taylor@eyowhite.com"
"143.0","Kimberly","Kim","Colorectal Surgeon","472768837","kimberly.kim@eyowhite.com"
"144.0","Andrea","Mcgee","Pediatric Gastroenterologist","907699477","andrea.mcgee@eyowhite.com"
"145.0","Debra","Thomas","Pediatric Critical Care Specialist","638176774","debra.thomas@eyowhite.com"
"146.0","Aaron","Wagner","Colorectal Surgeon","673817671","aaron.wagner@eyowhite.com"
"147.0","Marisa","Shepard","Otolaryngologist","318500517","marisa.shepard@eyowhite.com"
"148.0","Debra","Rogers","Interventional Radiologist","640211730","debra.rogers@eyowhite.com"
"149.0","Russell","Malone","Critical Care Medicine Specialist","679005649","russell.malone@eyowhite.com"
"150.0","James","Cunningham","Pediatric Pulmonologist","222373497","james.cunningham@eyowhite.com"
"151.0","Emily","Howell","Pediatric Hematologist","341922230","emily.howell@eyowhite.com"
"152.0","Lucas","Perry","Sleep Medicine Specialist","150237487","lucas.perry@eyowhite.com"
"153.0","Alexis","Chavez","Gynecologist","223254012","alexis.chavez@eyowhite.com"
"154.0","Gregory","Garrett","Pediatric Gastroenterologist","226067281","gregory.garrett@eyowhite.com"
"155.0","Alicia","Russo","Gastrointestinal Surgeon","690538052","alicia.russo@eyowhite.com"
"156.0","Christopher","Holder","Pediatric Nephrologist","997232261","christopher.holder@eyowhite.com"
"157.0","Laurie","Dixon","Ophthalmologist","781974222","laurie.dixon@eyowhite.com"
"158.0","Kellie","Jackson","Pediatric Gastroenterologist","206495601","kellie.jackson@eyowhite.com"
"159.0","Christina","Sanchez","Pediatric Cardiologist","763535009","christina.sanchez@eyowhite.com"
"160.0","Henry","Dominguez","Anesthesiologist","776986465","henry.dominguez@eyowhite.com"
"161.0","Heather","Lopez","Reproductive Endocrinologist","870188472","heather.lopez@eyowhite.com"
"162.0","Melissa","Erickson","Pulmonologist","165777502","melissa.erickson@eyowhite.com"
"163.0","Jeffrey","Cruz","Pediatric Rheumatologist","755537832","jeffrey.cruz@eyowhite.com"
"164.0","Jorge","Cameron","Cardiologist","045122450","jorge.cameron@eyowhite.com"
"165.0","Randy","Williams","Neurologist","646351053","randy.williams@eyowhite.com"
"166.0","Brandon","Gomez","Pediatrician","720192634","brandon.gomez@eyowhite.com"
"167.0","Robert","Murray","Gastrointestinal Surgeon","938046812","robert.murray@eyowhite.com"
"168.0","Randall","Sweeney","Pediatrician","034999566","randall.sweeney@eyowhite.com"
"169.0","Donna","Mendoza","Pediatric Infectious Disease Specialist","236114786","donna.mendoza@eyowhite.com"
"170.0","Jacqueline","Nielsen","Pediatric Dermatologist","901714457","jacqueline.nielsen@eyowhite.com"
"171.0","Jennifer","Kim","Otolaryngologist","733325966","jennifer.kim@eyowhite.com"
"172.0","Valerie","Mckay","Gastrointestinal Surgeon","744313563","valerie.mckay@eyowhite.com"
"173.0","Destiny","Walker","Pulmonologist","847596633","destiny.walker@eyowhite.com"
"174.0","Max","Cook","Pediatric Pulmonologist","706504432","max.cook@eyowhite.com"
"175.0","James","Ware","Rheumatologist","797938427","james.ware@eyowhite.com"
"176.0","Angela","Wagner","Ophthalmologist","390250682","angela.wagner@eyowhite.com"
"177.0","Nicole","Blackburn","Endocrinologist","872479202","nicole.blackburn@eyowhite.com"
"178.0","Alexis","Brown","Pediatric Hematologist","895766376","alexis.brown@eyowhite.com"
"179.0","Ronald","Cameron","Endocrinologist","967312648","ronald.cameron@eyowhite.com"
"180.0","Robert","Jones","Urologist","529037475","robert.jones@eyowhite.com"
"181.0","Juan","Solis","Pediatric Pulmonologist","682645117","juan.solis@eyowhite.com"
"182.0","Connor","Martin","Neurosurgeon","439801727","connor.martin@eyowhite.com"
"183.0","Susan","Cameron","Pediatric Infectious Disease Specialist","694327690","susan.cameron@eyowhite.com"
"184.0","Gregory","Cruz","Pediatric Orthopedic Surgeon","745525475","gregory.cruz@eyowhite.com"
"185.0","Charles","Anderson","Anesthesiologist","679957308","charles.anderson@eyowhite.com"
"186.0","Ronald","Brown","Pediatric Neurologist","284557359","ronald.brown@eyowhite.com"
"187.0","Kim","Scott","Physical Medicine and Rehabilitation Specialist","451564933","kim.scott@eyowhite.com"
"188.0","Jane","Jones","Physical Medicine and Rehabilitation Specialist","136365285","jane.jones@eyowhite.com"
"189.0","Steven","Christian","Pediatric Orthopedic Surgeon","821163360","steven.christian@eyowhite.com"
"190.0","Christopher","Ryan","Maxillofacial Surgeon","001656036","christopher.ryan@eyowhite.com"
"191.0","Dakota","Harris","Interventional Radiologist","183821801","dakota.harris@eyowhite.com"
"192.0","George","Wall","Gastroenterologist","215311960","george.wall@eyowhite.com"
"193.0","Kellie","White","Otolaryngologist","265240068","kellie.white@eyowhite.com"
"194.0","Anthony","Young","Oncologist","476080569","anthony.young@eyowhite.com"
"195.0","Brenda","Brown","Colorectal Surgeon","036546505","brenda.brown@eyowhite.com"
"196.0","Richard","Smith","Otolaryngologist","242658632","richard.smith@eyowhite.com"
"197.0","Alexander","Stark","Infectious Disease Specialist","254651889","alexander.stark@eyowhite.com"
"198.0","Leslie","Brooks","Sleep Medicine Specialist","297418290","leslie.brooks@eyowhite.com"
"199.0","William","Houston","Endocrinologist","500895294","william.houston@eyowhite.com"
"200.0","Troy","Rodriguez","Ophthalmologist","188020414","troy.rodriguez@eyowhite.com"
"201.0","John","Ramos","Gynecologist","905285208","john.ramos@eyowhite.com"
"202.0","Hannah","Johnson","Pediatric Gastroenterologist","165099684","hannah.johnson@eyowhite.com"
"203.0","Kirk","Medina","Neurologist","962446462","kirk.medina@eyowhite.com"
"204.0","Jasmine","Lee","Colorectal Surgeon","879909366","jasmine.lee@eyowhite.com"
"205.0","Jessica","Chambers","Pediatric Pulmonologist","455522867","jessica.chambers@eyowhite.com"
"206.0","Robin","Gonzalez","Palliative Care Specialist","647032855","robin.gonzalez@eyowhite.com"
"207.0","Shaun","Caldwell","Ophthalmologist","213053474","shaun.caldwell@eyowhite.com"
"208.0","Sara","Hoffman","Physical Medicine and Rehabilitation Specialist","356912211","sara.hoffman@eyowhite.com"
"209.0","Derek","Pearson","Medical Geneticist","003094699","derek.pearson@eyowhite.com"
"210.0","Ronald","Jackson","Palliative Care Specialist","253862340","ronald.jackson@eyowhite.com"
"211.0","Sandra","Brown","Pulmonologist","331129278","sandra.brown@eyowhite.com"
"212.0","Julian","Hale","Vascular Surgeon","959387991","julian.hale@eyowhite.com"
"213.0","Henry","Brown","Pediatric Dermatologist","165933963","henry.brown@eyowhite.com"
"214.0","Jason","Brown","Allergist/Immunologist","230160665","jason.brown@eyowhite.com"
"215.0","Barbara","Rogers","Neonatologist","627423755","barbara.rogers@eyowhite.com"
"216.0","Nicholas","Bryant","Allergist/Immunologist","471050579","nicholas.bryant@eyowhite.com"
"217.0","Anthony","Mitchell","Neurosurgeon","703278419","anthony.mitchell@eyowhite.com"
"218.0","Susan","Chavez","Pediatric Orthopedic Surgeon","779440965","susan.chavez@eyowhite.com"
"219.0","Teresa","Powell","Geriatrician","447493894","teresa.powell@eyowhite.com"
"220.0","Donald","Lozano","Gastroenterologist","376145458","donald.lozano@eyowhite.com"
"221.0","Marco","Fry","Ophthalmologist","487914587","marco.fry@eyowhite.com"
"222.0","Carolyn","Phillips","Ophthalmologist","106941771","carolyn.phillips@eyowhite.com"
"223.0","Mark","Brady","Pediatric Neurologist","228101323","mark.brady@eyowhite.com"
"224.0","Calvin","Turner","Pediatric Dermatologist","346991418","calvin.turner@eyowhite.com"
"225.0","Jill","Griffith","Aerospace Medicine Specialist","580187354","jill.griffith@eyowhite.com"
"226.0","Renee","Carlson","Pediatric Neurologist","111372276","renee.carlson@eyowhite.com"
"227.0","Carrie","Guerra","Gastrointestinal Surgeon","790660843","carrie.guerra@eyowhite.com"
"228.0","Erika","Sanchez","Pediatric Rheumatologist","618443426","erika.sanchez@eyowhite.com"
"229.0","Bryan","Sosa","Sleep Medicine Specialist","458133312","bryan.sosa@eyowhite.com"
"230.0","Ashley","Mora","Gastrointestinal Surgeon","232971036","ashley.mora@eyowhite.com"
"231.0","Steven","Williams","Pediatric Cardiologist","609751667","steven.williams@eyowhite.com"
"232.0","Betty","Hernandez","Critical Care Medicine Specialist","509706495","betty.hernandez@eyowhite.com"
"233.0","Tyler","Sanchez","Rheumatologist","790798498","tyler.sanchez@eyowhite.com"
"234.0","Karen","Cannon","Neurosurgeon","977494577","karen.cannon@eyowhite.com"
"235.0","William","Johnson","Dermatologist","167047800","william.johnson@eyowhite.com"
"236.0","Natasha","Wade","Pediatric Rheumatologist","854683889","natasha.wade@eyowhite.com"
"237.0","Peter","Campbell","Pediatrician","129098657","peter.campbell@eyowhite.com"
"238.0","Antonio","Kelly","Interventional Radiologist","872952932","antonio.kelly@eyowhite.com"
"239.0","Virginia","Harrison","Gynecologist","197139743","virginia.harrison@eyowhite.com"
"240.0","Noah","Sanders","Thoracic Surgeon","998968248","noah.sanders@eyowhite.com"
"241.0","Stephanie","Sanchez","Ophthalmologist","314220354","stephanie.sanchez@eyowhite.com"
"242.0","Kristen","Hall","Infectious Disease Specialist","484245771","kristen.hall@eyowhite.com"
"243.0","Jon","Graham","Colorectal Surgeon","216478109","jon.graham@eyowhite.com"
"244.0","Haley","Mora","Plastic Surgeon","224083025","haley.mora@eyowhite.com"
"245.0","Andrea","Rogers","Sleep Medicine Specialist","782456767","andrea.rogers@eyowhite.com"
"246.0","Jon","Kim","Pediatric Pulmonologist","678871946","jon.kim@eyowhite.com"
"247.0","Raymond","Johnson","Rheumatologist","350104021","raymond.johnson@eyowhite.com"
"248.0","Eduardo","Miller","Gastrointestinal Surgeon","412525387","eduardo.miller@eyowhite.com"
"249.0","Richard","Diaz","Orthopedic Surgeon","371987601","richard.diaz@eyowhite.com"
"250.0","Jimmy","Jones","Pediatric Nephrologist","580359705","jimmy.jones@eyowhite.com"
"251.0","Luke","Keith","Orthopedic Surgeon","931867902","luke.keith@eyowhite.com"
"252.0","Brenda","Harrison","Sleep Medicine Specialist","645580756","brenda.harrison@eyowhite.com"
"253.0","Justin","Campbell","Pediatric Nephrologist","129851359","justin.campbell@eyowhite.com"
"254.0","Tracie","Sweeney","Plastic Surgeon","434083723","tracie.sweeney@eyowhite.com"
"255.0","Dean","Torres","Physical Medicine and Rehabilitation Specialist","376280784","dean.torres@eyowhite.com"
"256.0","David","Chavez","Neurologist","160957064","david.chavez@eyowhite.com"
"257.0","Jon","Davidson","Pediatric Cardiologist","782770704","jon.davidson@eyowhite.com"
"258.0","Mary","Hernandez","Neonatologist","008439539","mary.hernandez@eyowhite.com"
"259.0","Michael","Gordon","Plastic Surgeon","598156936","michael.gordon@eyowhite.com"
"260.0","Peter","Garcia","Interventional Radiologist","117095663","peter.garcia@eyowhite.com"
"261.0","Scott","Taylor","Rheumatologist","061042562","scott.taylor@eyowhite.com"
"262.0","Martin","Villegas","Endocrinologist","314422005","martin.villegas@eyowhite.com"
"263.0","Jasmine","Clark","Thoracic Surgeon","837734301","jasmine.clark@eyowhite.com"
"264.0","Dean","Ramos","Pediatric Dermatologist","220768620","dean.ramos@eyowhite.com"
"265.0","Lori","Oliver","Pediatric Orthopedic Surgeon","134838238","lori.oliver@eyowhite.com"
"266.0","Natalie","Hall","Pediatric Rheumatologist","487441906","natalie.hall@eyowhite.com"
"267.0","Debbie","Mason","Anesthesiologist","546982874","debbie.mason@eyowhite.com"
"268.0","Stephen","Cummings","Vascular Surgeon","469008498","stephen.cummings@eyowhite.com"
"269.0","Juan","Thomas","Pediatrician","740528492","juan.thomas@eyowhite.com"
"270.0","Julie","Porter","Pediatric Neurologist","891510661","julie.porter@eyowhite.com"
"271.0","Jill","Miller","Pediatric Hematologist","696993334","jill.miller@eyowhite.com"
"272.0","Kenneth","Johnson","Physical Medicine and Rehabilitation Specialist","250203103","kenneth.johnson@eyowhite.com"
"273.0","Dale","Beard","Pediatric Nephrologist","882496013","dale.beard@eyowhite.com"
"274.0","Jesus","Austin","Pediatric Nephrologist","437450246","jesus.austin@eyowhite.com"
"275.0","Ryan","Stephens","Colorectal Surgeon","715955574","ryan.stephens@eyowhite.com"
"276.0","Christopher","Mckenzie","Anesthesiologist","264598452","christopher.mckenzie@eyowhite.com"
"277.0","Catherine","Little","Nephrologist","380080647","catherine.little@eyowhite.com"
"278.0","Amy","Taylor","Otolaryngologist","676837050","amy.taylor@eyowhite.com"
"279.0","David","Maldonado","Pediatric Nephrologist","801599960","david.maldonado@eyowhite.com"
"280.0","Ryan","Daniel","Orthopedic Surgeon","413717027","ryan.daniel@eyowhite.com"
"281.0","Frank","Manning","Sleep Medicine Specialist","989609392","frank.manning@eyowhite.com"
"282.0","Kathleen","Rodriguez","Dermatologist","311453867","kathleen.rodriguez@eyowhite.com"
"283.0","Alexis","Ray","Pain Management Specialist","260987348","alexis.ray@eyowhite.com"
"284.0","Timothy","Bernard","Pulmonologist","923113994","timothy.bernard@eyowhite.com"
"285.0","Sharon","Herrera","Gastrointestinal Surgeon","029330079","sharon.herrera@eyowhite.com"
"286.0","Sarah","Zimmerman","Gynecologist","809434455","sarah.zimmerman@eyowhite.com"
"287.0","Stephen","Hogan","Geriatrician","795136120","stephen.hogan@eyowhite.com"
"288.0","Karina","Henry","Allergist/Immunologist","419678668","karina.henry@eyowhite.com"
"289.0","William","Harris","Gynecologist","272415612","william.harris@eyowhite.com"
"290.0","Jessica","Lawson","Oncologist","707152813","jessica.lawson@eyowhite.com"
"291.0","Carol","Fowler","Neurologist","644802301","carol.fowler@eyowhite.com"
"292.0","Susan","Heath","Orthopedic Surgeon","092729917","susan.heath@eyowhite.com"
"293.0","Juan","Lyons","Pediatric Pulmonologist","076413804","juan.lyons@eyowhite.com"
"294.0","Gary","Chaney","Aerospace Medicine Specialist","405769300","gary.chaney@eyowhite.com"
"295.0","Joseph","Swanson","Sleep Medicine Specialist","462264426","joseph.swanson@eyowhite.com"
"296.0","Kyle","Jordan","Anesthesiologist","366441751","kyle.jordan@eyowhite.com"
"297.0","David","Hobbs","Infectious Disease Specialist","555715477","david.hobbs@eyowhite.com"
"298.0","Danielle","Weber","Pediatrician","325172568","danielle.weber@eyowhite.com"
"299.0","Paul","Hess","Thoracic Surgeon","394275649","paul.hess@eyowhite.com"
"300.0","Larry","Savage","Medical Geneticist","733998591","larry.savage@eyowhite.com"
"301.0","George","Tate","Reproductive Endocrinologist","224968447","george.tate@eyowhite.com"
"302.0","Adam","Farmer","Pediatric Rheumatologist","584742470","adam.farmer@eyowhite.com"
"303.0","Carla","Carney","Anesthesiologist","608956112","carla.carney@eyowhite.com"
"304.0","Sarah","Bray","Pediatric Infectious Disease Specialist","725642637","sarah.bray@eyowhite.com"
"305.0","Aaron","Hall","Pediatrician","258499462","aaron.hall@eyowhite.com"
"306.0","Joyce","Riddle","Infectious Disease Specialist","014654624","joyce.riddle@eyowhite.com"
"307.0","Alexis","Collins","Reproductive Endocrinologist","597156217","alexis.collins@eyowhite.com"
"308.0","Scott","Jones","Hematologist","712773333","scott.jones@eyowhite.com"
"309.0","Mitchell","Harris","Pediatric Pulmonologist","196832398","mitchell.harris@eyowhite.com"
"310.0","Maria","Tucker","Colorectal Surgeon","715994631","maria.tucker@eyowhite.com"
"311.0","Chad","Williams","Infectious Disease Specialist","538624901","chad.williams@eyowhite.com"
"312.0","Lauren","Clark","Pediatric Infectious Disease Specialist","606042115","lauren.clark@eyowhite.com"
"313.0","Angelica","Carter","Gastroenterologist","961176129","angelica.carter@eyowhite.com"
"314.0","Frederick","Blankenship","Palliative Care Specialist","577697294","frederick.blankenship@eyowhite.com"
"315.0","Maria","Bailey","Pulmonologist","283328999","maria.bailey@eyowhite.com"
"316.0","David","Hull","Pediatric Infectious Disease Specialist","163119504","david.hull@eyowhite.com"
"317.0","Mark","Randall","Pain Management Specialist","879823731","mark.randall@eyowhite.com"
"318.0","Amy","Le","Colorectal Surgeon","061885236","amy.le@eyowhite.com"
"319.0","Sandra","Heath","Gynecologist","089810406","sandra.heath@eyowhite.com"
"320.0","Evan","Mason","Hematologist","183830656","evan.mason@eyowhite.com"
"321.0","Anna","Hernandez","Pediatric Cardiologist","927159626","anna.hernandez@eyowhite.com"
"322.0","William","Howard","Pediatrician","817894272","william.howard@eyowhite.com"
"323.0","Erika","Nelson","Pediatric Hematologist","033108907","erika.nelson@eyowhite.com"
"324.0","Tyler","Reeves","Urologist","192388912","tyler.reeves@eyowhite.com"
"325.0","Brenda","Bowers","Interventional Radiologist","005171530","brenda.bowers@eyowhite.com"
"326.0","Corey","James","Pediatric Cardiologist","294943674","corey.james@eyowhite.com"
"327.0","Joseph","Thomas","Podiatrist","229688805","joseph.thomas@eyowhite.com"
"328.0","Susan","Mccullough","Allergist/Immunologist","216041996","susan.mccullough@eyowhite.com"
"329.0","Jeremy","Carroll","Pediatric Pulmonologist","184301128","jeremy.carroll@eyowhite.com"
"330.0","Tamara","Pruitt","Pediatric Nephrologist","002088804","tamara.pruitt@eyowhite.com"
"331.0","Angela","Williams","Vascular Surgeon","317971794","angela.williams@eyowhite.com"
"332.0","Melvin","Walker","Maxillofacial Surgeon","606823531","melvin.walker@eyowhite.com"
"333.0","Christopher","Greene","Neurosurgeon","792216654","christopher.greene@eyowhite.com"
"334.0","Sergio","Russo","Anesthesiologist","689682031","sergio.russo@eyowhite.com"
"335.0","Carol","Jarvis","Neurologist","959309073","carol.jarvis@eyowhite.com"
"336.0","Brandon","Morrow","Hematologist","740016847","brandon.morrow@eyowhite.com"
"337.0","Jennifer","Wu","Nephrologist","128061895","jennifer.wu@eyowhite.com"
"338.0","Michael","Miller","Rheumatologist","179789530","michael.miller@eyowhite.com"
"339.0","Barry","Peterson","Physical Medicine and Rehabilitation Specialist","206596021","barry.peterson@eyowhite.com"
"340.0","Garrett","Adams","Plastic Surgeon","606517950","garrett.adams@eyowhite.com"
"341.0","Shane","Ball","Anesthesiologist","960114989","shane.ball@eyowhite.com"
"342.0","Jack","Archer","Neurosurgeon","198357285","jack.archer@eyowhite.com"
"343.0","Julie","Hale","Pediatric Pulmonologist","073369947","julie.hale@eyowhite.com"
"344.0","Angela","Garcia","Palliative Care Specialist","827724567","angela.garcia@eyowhite.com"
"345.0","Darrell","Carr","Critical Care Medicine Specialist","264684466","darrell.carr@eyowhite.com"
"346.0","Christopher","Snyder","Interventional Radiologist","160294639","christopher.snyder@eyowhite.com"
"347.0","Eric","Smith","Sleep Medicine Specialist","013550196","eric.smith@eyowhite.com"
"348.0","Rebecca","Nelson","Gastrointestinal Surgeon","520673099","rebecca.nelson@eyowhite.com"
"349.0","Gabrielle","Johnson","Pediatric Neurologist","409572629","gabrielle.johnson@eyowhite.com"
"350.0","Lisa","Patel","Neurosurgeon","341507590","lisa.patel@eyowhite.com"
